Type,Name,Request Count,Failure Count,Median Response Time,Average Response Time,Min Response Time,Max Response Time,Average Content Size,Requests/s,Failures/s,50%,66%,75%,80%,90%,95%,98%,99%,99.9%,99.99%,100%
POST,/api/auth/login,25,0,2200,2400.7710120001866,1159.7003000006225,4181.540600000517,251.0,0.13943701178841256,0.0,2200,2600,2800,3200,3600,4200,4200,4200,4200,4200,4200
POST,/api/auth/register,25,0,2400,2332.6227559999825,650.3448000003118,4162.815699999555,281.0,0.13943701178841256,0.0,2400,2500,2600,3000,3200,3200,4200,4200,4200,4200,4200
GET,/api/instructor/sessions,1219,0,13,57.6745575881753,7.3933000003307825,3463.675700000749,39842.63248564397,6.798948694802996,0.0,13,13,14,16,20,28,1200,1800,3000,3500,3500
GET,/api/scenarios/,476,0,3,14.436398109265006,2.052699999694596,691.6842999999062,1007.0,2.654880704451375,0.0,3,4,4,4,5,7,240,500,690,690,690
POST,/api/sessions/start,320,0,59,145.64681093754075,14.073899999857531,6251.110999999582,263.0,1.7847937508916807,0.0,59,61,62,63,68,79,510,4200,6300,6300,6300
,Aggregated,2065,0,12,117.24883046005468,2.052699999694596,6251.110999999582,23799.012590799033,11.517497173722877,0.0,12,14,19,35,61,120,2200,2700,4500,6300,6300
